post_id,hashtags,likes,comments,engagement_score,post_date
pin_1,#minimalist,1355,153,6.626138180854363,2024-01-01
pin_2,#scandinavianstyle,1214,356,4.5512615912489895,2024-01-02
pin_3,#modern,2582,81,8.5029883126764,2024-01-03
pin_4,#luxuryhomes,4086,394,7.924707739877709,2024-01-04
pin_5,#minimalist,1096,46,5.397168700926267,2024-01-05
pin_6,#scandinavianstyle,2333,496,9.198446108997642,2024-01-06
pin_7,#furnituredesign,4158,356,7.020629163446207,2024-01-07
pin_8,#scandinavianstyle,1800,105,7.043988182962332,2024-01-08
pin_9,#minimalist,1118,424,8.03505489733756,2024-01-09
pin_10,#boho,3001,214,3.0035051130658945,2024-01-10
pin_11,#furnituredesign,1039,458,5.7580263878070586,2024-01-11
pin_12,#homedecor,1423,364,7.431580615734048,2024-01-12
pin_13,#furnituredesign,4088,240,5.337768021384003,2024-01-13
pin_14,#homedecor,3669,95,5.346610220901934,2024-01-14
pin_15,#wallart,3726,259,4.068635083166432,2024-01-15
pin_16,#midcenturymodern,2130,493,7.786084872175257,2024-01-16
pin_17,#furnituredesign,2434,496,1.5763550201922187,2024-01-17
pin_18,#furnituredesign,716,460,5.185824420308891,2024-01-18
pin_19,#scandinavianstyle,1011,153,6.271953190402887,2024-01-19
pin_20,#minimalist,3342,43,6.152490950675064,2024-01-20
pin_21,#scandinavianstyle,2704,323,8.271811408958218,2024-01-21
pin_22,#modern,4413,474,1.9178995989396213,2024-01-22
pin_23,#colortrends,488,66,1.446981905594143,2024-01-23
pin_24,#wallart,2768,255,1.1002102050227078,2024-01-24
pin_25,#boho,4176,252,6.442898749251671,2024-01-25
pin_26,#midcenturymodern,3210,383,8.48801205910856,2024-01-26
pin_27,#scandinavianstyle,4238,389,2.64519177954991,2024-01-27
pin_28,#luxuryhomes,2208,327,1.3836267096787498,2024-01-28
pin_29,#wallart,4553,290,8.382195150312686,2024-01-29
pin_30,#modern,3696,275,8.493246093608729,2024-01-30
pin_31,#boho,134,225,5.376839493481578,2024-01-31
pin_32,#wallart,3069,28,9.16270243885648,2024-02-01
pin_33,#scandinavianstyle,3241,270,4.346208229193504,2024-02-02
pin_34,#modern,1230,242,8.05913053017046,2024-02-03
pin_35,#boho,4732,137,1.214989291551204,2024-02-04
pin_36,#wallart,2217,68,1.5349277424386223,2024-02-05
pin_37,#modern,4009,237,2.157324948874798,2024-02-06
pin_38,#luxuryhomes,3016,195,6.894930702375731,2024-02-07
pin_39,#minimalist,2935,52,4.553139917265131,2024-02-08
pin_40,#luxuryhomes,4890,208,6.594335021208162,2024-02-09
pin_41,#boho,1472,34,1.0376624369475778,2024-02-10
pin_42,#luxuryhomes,4213,465,3.630252477194306,2024-02-11
pin_43,#scandinavianstyle,1082,136,7.649301765246957,2024-02-12
pin_44,#wallart,4428,74,3.623928494852442,2024-02-13
pin_45,#wallart,406,82,7.414640497967702,2024-02-14
pin_46,#scandinavianstyle,2424,155,6.5953217241569,2024-02-15
pin_47,#homedecor,1291,226,3.4303922403124085,2024-02-16
pin_48,#luxuryhomes,4016,370,5.982320384316619,2024-02-17
pin_49,#modern,2274,310,3.207287740572115,2024-02-18
pin_50,#wallart,2648,315,9.08734565157071,2024-02-19
pin_51,#modern,4562,6,4.564956577395844,2024-02-20
pin_52,#modern,2547,359,3.901057439644258,2024-02-21
pin_53,#modern,2989,161,5.3774909809862805,2024-02-22
pin_54,#luxuryhomes,199,229,5.076532749177254,2024-02-23
pin_55,#modern,1601,258,3.39542498561121,2024-02-24
pin_56,#wallart,3741,191,8.100326200548928,2024-02-25
pin_57,#colortrends,3682,113,1.6229922223928992,2024-02-26
pin_58,#minimalist,1819,108,3.2829308533291695,2024-02-27
pin_59,#modern,2379,439,3.5518956942733064,2024-02-28
pin_60,#homedecor,2410,74,3.485460882111375,2024-02-29
pin_61,#colortrends,2376,102,5.178954013677151,2024-03-01
pin_62,#luxuryhomes,2599,307,3.351972919560549,2024-03-02
pin_63,#scandinavianstyle,3600,166,4.145228614466363,2024-03-03
pin_64,#scandinavianstyle,1067,251,1.4995354693479597,2024-03-04
pin_65,#luxuryhomes,2436,205,6.775738519807016,2024-03-05
pin_66,#wallart,2163,289,5.126324066324305,2024-03-06
pin_67,#minimalist,110,177,4.923104087819653,2024-03-07
pin_68,#luxuryhomes,1069,96,2.8105062388816786,2024-03-08
pin_69,#boho,4151,394,1.7102426567059918,2024-03-09
pin_70,#midcenturymodern,4121,164,9.773235156436998,2024-03-10
pin_71,#wallart,2051,316,1.2561386517260797,2024-03-11
pin_72,#furnituredesign,314,206,3.869496739168567,2024-03-12
pin_73,#minimalist,1633,116,2.47782435943011,2024-03-13
pin_74,#modern,3217,113,3.2086722402813166,2024-03-14
pin_75,#colortrends,3426,479,8.105428273269858,2024-03-15
pin_76,#homedecor,4805,195,5.164384761514988,2024-03-16
pin_77,#midcenturymodern,342,186,6.1919373836589875,2024-03-17
pin_78,#boho,1493,138,9.846962463116752,2024-03-18
pin_79,#homedecor,4166,345,8.929307899821488,2024-03-19
pin_80,#modern,4514,354,3.034201995494721,2024-03-20
pin_81,#minimalist,2769,14,2.816138067004515,2024-03-21
pin_82,#furnituredesign,2156,472,8.91861941484853,2024-03-22
pin_83,#colortrends,524,158,9.70283344546754,2024-03-23
pin_84,#furnituredesign,4348,174,6.430982092393121,2024-03-24
pin_85,#colortrends,1330,204,4.509876508478022,2024-03-25
pin_86,#boho,4044,202,7.637478273224484,2024-03-26
pin_87,#colortrends,302,31,1.1457608939693642,2024-03-27
pin_88,#modern,2452,116,7.061978637877951,2024-03-28
pin_89,#homedecor,974,408,5.005739309538687,2024-03-29
pin_90,#midcenturymodern,3600,367,1.6229937052827061,2024-03-30
pin_91,#modern,905,204,2.7410629577047354,2024-03-31
pin_92,#scandinavianstyle,4298,295,4.973422840012267,2024-04-01
pin_93,#scandinavianstyle,1584,309,1.6893967195214412,2024-04-02
pin_94,#modern,4841,265,5.832151218520189,2024-04-03
pin_95,#luxuryhomes,3155,70,8.173892959724878,2024-04-04
pin_96,#colortrends,2689,258,9.835759314874515,2024-04-05
pin_97,#luxuryhomes,847,27,5.257944436575476,2024-04-06
pin_98,#modern,2584,32,1.7136032128998888,2024-04-07
pin_99,#colortrends,2881,494,4.71931286795561,2024-04-08
pin_100,#luxuryhomes,2497,404,1.7777300011769637,2024-04-09
pin_101,#minimalist,2813,139,7.462046826856959,2024-04-10
pin_102,#minimalist,1659,386,9.626013444861687,2024-04-11
pin_103,#wallart,1207,250,2.454633187196345,2024-04-12
pin_104,#midcenturymodern,1138,347,5.912029018464748,2024-04-13
pin_105,#midcenturymodern,3733,81,7.604105866712654,2024-04-14
pin_106,#furnituredesign,4760,265,5.5980534266359525,2024-04-15
pin_107,#luxuryhomes,2407,269,1.4008251661637678,2024-04-16
pin_108,#scandinavianstyle,4865,111,1.9969664784142127,2024-04-17
pin_109,#minimalist,1247,13,2.977858449860108,2024-04-18
pin_110,#scandinavianstyle,4520,20,9.963818021903577,2024-04-19
pin_111,#boho,4240,231,4.408531340947219,2024-04-20
pin_112,#homedecor,2518,436,8.480941301863652,2024-04-21
pin_113,#furnituredesign,2027,12,3.298783794257158,2024-04-22
pin_114,#scandinavianstyle,509,278,6.1191077641320515,2024-04-23
pin_115,#minimalist,983,124,4.700424102589297,2024-04-24
pin_116,#furnituredesign,2568,136,4.255004504800697,2024-04-25
pin_117,#colortrends,1768,352,5.150911001203483,2024-04-26
pin_118,#homedecor,1788,306,2.008171959676296,2024-04-27
pin_119,#scandinavianstyle,2455,237,7.359006697688618,2024-04-28
pin_120,#colortrends,4073,496,6.210023575474403,2024-04-29
pin_121,#scandinavianstyle,3264,135,4.977413223258766,2024-04-30
pin_122,#colortrends,4217,272,6.789014087525969,2024-05-01
pin_123,#homedecor,2245,496,8.574101971118143,2024-05-02
pin_124,#furnituredesign,4170,448,7.984552751415774,2024-05-03
pin_125,#minimalist,833,466,7.936473420000888,2024-05-04
pin_126,#furnituredesign,3059,115,1.1737224646223292,2024-05-05
pin_127,#colortrends,3250,126,6.447603189786198,2024-05-06
pin_128,#modern,2454,16,4.45370000633355,2024-05-07
pin_129,#luxuryhomes,1944,83,6.91896396930178,2024-05-08
pin_130,#colortrends,350,16,3.8348502812464984,2024-05-09
pin_131,#furnituredesign,3437,100,8.69812896499462,2024-05-10
pin_132,#furnituredesign,519,241,2.431486840261066,2024-05-11
pin_133,#wallart,1951,488,3.8312125566561805,2024-05-12
pin_134,#wallart,745,91,9.659972631955242,2024-05-13
pin_135,#minimalist,4302,214,1.7312307070566004,2024-05-14
pin_136,#minimalist,2582,313,8.841807033955192,2024-05-15
pin_137,#scandinavianstyle,3449,312,2.767504893052391,2024-05-16
pin_138,#luxuryhomes,1705,167,1.1759205922249234,2024-05-17
pin_139,#furnituredesign,1105,497,5.784553173387979,2024-05-18
pin_140,#boho,1373,185,9.723164848418836,2024-05-19
pin_141,#luxuryhomes,2204,255,5.37635548182498,2024-05-20
pin_142,#colortrends,641,110,4.857440215399121,2024-05-21
pin_143,#modern,3582,496,2.096142899287325,2024-05-22
pin_144,#furnituredesign,2374,253,4.035818839096148,2024-05-23
pin_145,#furnituredesign,3194,353,4.115433402560336,2024-05-24
pin_146,#homedecor,93,136,4.787597632435616,2024-05-25
pin_147,#boho,398,242,6.967997763990781,2024-05-26
pin_148,#homedecor,4280,19,7.2880013101303245,2024-05-27
pin_149,#modern,4153,272,3.4566460489536,2024-05-28
pin_150,#midcenturymodern,2784,450,4.346608216403817,2024-05-29
pin_151,#colortrends,3841,105,6.034782465458669,2024-05-30
pin_152,#midcenturymodern,2511,309,8.17726809230755,2024-05-31
pin_153,#boho,3477,102,4.681242596132858,2024-06-01
pin_154,#modern,4693,301,9.32921599610595,2024-06-02
pin_155,#minimalist,3247,82,9.314726897731841,2024-06-03
pin_156,#furnituredesign,2749,444,7.822330046250201,2024-06-04
pin_157,#wallart,4076,167,8.392113812832694,2024-06-05
pin_158,#colortrends,4233,278,8.481039858925204,2024-06-06
pin_159,#wallart,1715,476,2.2384700347443154,2024-06-07
pin_160,#furnituredesign,2519,148,5.315277383186822,2024-06-08
pin_161,#furnituredesign,1156,31,8.629308206579978,2024-06-09
pin_162,#colortrends,4996,376,4.867824490701442,2024-06-10
pin_163,#luxuryhomes,2355,480,7.210159594937566,2024-06-11
pin_164,#homedecor,2573,156,7.402468973039215,2024-06-12
pin_165,#scandinavianstyle,400,445,3.0859156430711425,2024-06-13
pin_166,#colortrends,1717,248,3.0664435007876603,2024-06-14
pin_167,#boho,3498,125,8.47942583320945,2024-06-15
pin_168,#scandinavianstyle,2682,340,6.9384170197262724,2024-06-16
pin_169,#scandinavianstyle,3886,133,5.308471447302159,2024-06-17
pin_170,#luxuryhomes,683,159,8.008302298032193,2024-06-18
pin_171,#wallart,1576,318,6.498935749486776,2024-06-19
pin_172,#modern,4138,44,2.664950919916464,2024-06-20
pin_173,#colortrends,1442,323,7.1956543942623234,2024-06-21
pin_174,#modern,1406,373,9.510092641979133,2024-06-22
pin_175,#homedecor,2282,84,8.81998582280439,2024-06-23
pin_176,#furnituredesign,4085,444,4.561027502156378,2024-06-24
pin_177,#furnituredesign,1643,30,1.4109233560754737,2024-06-25
pin_178,#colortrends,2600,267,7.400691513196576,2024-06-26
pin_179,#boho,2692,390,7.5956375202325885,2024-06-27
pin_180,#homedecor,148,229,7.9367813898389485,2024-06-28
pin_181,#scandinavianstyle,4426,479,8.333645497342594,2024-06-29
pin_182,#scandinavianstyle,4707,222,6.400802943654475,2024-06-30
pin_183,#homedecor,1418,344,8.457722937095385,2024-07-01
pin_184,#colortrends,3863,268,2.1513894054275746,2024-07-02
pin_185,#luxuryhomes,2570,415,3.2535272559672332,2024-07-03
pin_186,#scandinavianstyle,1580,253,5.240306696419023,2024-07-04
pin_187,#midcenturymodern,1550,160,8.743942669307279,2024-07-05
pin_188,#scandinavianstyle,3122,135,9.05932628022185,2024-07-06
pin_189,#homedecor,1074,335,6.105613743394388,2024-07-07
pin_190,#modern,232,149,9.75128812561574,2024-07-08
pin_191,#modern,4553,182,6.3471584015373415,2024-07-09
pin_192,#luxuryhomes,4662,362,7.3316965051780025,2024-07-10
pin_193,#minimalist,659,174,1.6431521296784193,2024-07-11
pin_194,#modern,95,363,1.2116649537331265,2024-07-12
pin_195,#modern,3105,53,2.1354091275426157,2024-07-13
pin_196,#midcenturymodern,480,83,1.2996742379692994,2024-07-14
pin_197,#minimalist,4695,74,8.245006180952494,2024-07-15
pin_198,#minimalist,2781,447,2.043101069691896,2024-07-16
pin_199,#homedecor,4556,6,5.169496452344777,2024-07-17
pin_200,#homedecor,3501,337,3.313998451427977,2024-07-18
pin_201,#boho,4424,244,8.314979204526534,2024-07-19
pin_202,#homedecor,2869,157,6.5834188320637725,2024-07-20
pin_203,#boho,3017,292,4.880283907947298,2024-07-21
pin_204,#homedecor,753,382,9.736015940226093,2024-07-22
pin_205,#homedecor,2331,480,4.68559786861185,2024-07-23
pin_206,#colortrends,2433,193,2.1552355310852978,2024-07-24
pin_207,#minimalist,4290,228,6.860037688981862,2024-07-25
pin_208,#furnituredesign,1382,397,4.803308030999616,2024-07-26
pin_209,#homedecor,3155,31,4.379893514719759,2024-07-27
pin_210,#boho,4736,343,7.443429306340087,2024-07-28
pin_211,#luxuryhomes,1523,344,9.026320249728586,2024-07-29
pin_212,#wallart,1379,242,2.97220237442063,2024-07-30
pin_213,#homedecor,1354,353,5.292454795825824,2024-07-31
pin_214,#scandinavianstyle,2262,452,2.1634509610236465,2024-08-01
pin_215,#modern,119,245,3.1174411334325685,2024-08-02
pin_216,#boho,3035,306,9.971509837082245,2024-08-03
pin_217,#boho,2588,356,3.592703157471766,2024-08-04
pin_218,#furnituredesign,1309,255,1.5941991385150025,2024-08-05
pin_219,#minimalist,3924,396,9.834188207907305,2024-08-06
pin_220,#minimalist,2686,417,3.61133268248024,2024-08-07
pin_221,#midcenturymodern,4930,457,8.764949736922668,2024-08-08
pin_222,#colortrends,2274,373,4.6159642644563394,2024-08-09
pin_223,#scandinavianstyle,988,235,1.0721555598612436,2024-08-10
pin_224,#modern,1364,227,5.551324348913225,2024-08-11
pin_225,#minimalist,687,117,7.98007413580413,2024-08-12
pin_226,#minimalist,908,341,2.1420929248006666,2024-08-13
pin_227,#furnituredesign,3303,117,7.07769416607812,2024-08-14
pin_228,#scandinavianstyle,4765,287,6.170434618724852,2024-08-15
pin_229,#minimalist,3259,36,7.6531230055114765,2024-08-16
pin_230,#boho,679,379,6.569889361654178,2024-08-17
pin_231,#luxuryhomes,1184,72,7.646010249586938,2024-08-18
pin_232,#midcenturymodern,2615,144,3.353503110142667,2024-08-19
pin_233,#furnituredesign,1579,216,1.006698066546085,2024-08-20
pin_234,#homedecor,4577,278,5.478685749767819,2024-08-21
pin_235,#modern,4448,128,2.7064052589161736,2024-08-22
pin_236,#luxuryhomes,604,255,7.096068834744227,2024-08-23
pin_237,#boho,2412,452,5.294967068727322,2024-08-24
pin_238,#minimalist,620,9,9.059426926614734,2024-08-25
pin_239,#modern,2457,125,2.153090498824182,2024-08-26
pin_240,#modern,4561,161,2.7445677064093257,2024-08-27
pin_241,#modern,2306,284,3.3557918994403946,2024-08-28
pin_242,#homedecor,395,93,2.844376192763034,2024-08-29
pin_243,#boho,2963,40,8.527493646703359,2024-08-30
pin_244,#midcenturymodern,823,355,3.82934177776318,2024-08-31
pin_245,#luxuryhomes,1179,48,7.459721687688688,2024-09-01
pin_246,#colortrends,2569,430,3.6658138562088487,2024-09-02
pin_247,#scandinavianstyle,3921,254,6.03654052353331,2024-09-03
pin_248,#scandinavianstyle,483,105,1.8540938495550465,2024-09-04
pin_249,#modern,1927,126,9.555625939105727,2024-09-05
pin_250,#luxuryhomes,852,139,8.420705696962784,2024-09-06
pin_251,#wallart,4101,411,1.6220948941929665,2024-09-07
pin_252,#midcenturymodern,3661,96,6.0212813425959535,2024-09-08
pin_253,#scandinavianstyle,4978,338,4.809460962240012,2024-09-09
pin_254,#boho,4670,308,8.290901814905016,2024-09-10
pin_255,#scandinavianstyle,4958,74,2.7025163033874064,2024-09-11
pin_256,#colortrends,1286,469,7.335582986612833,2024-09-12
pin_257,#wallart,372,65,2.014013257883615,2024-09-13
pin_258,#colortrends,1407,65,4.581127294970367,2024-09-14
pin_259,#midcenturymodern,3448,413,1.9635286162080732,2024-09-15
pin_260,#modern,788,338,6.429818933595427,2024-09-16
pin_261,#modern,1470,200,6.50705930074382,2024-09-17
pin_262,#modern,616,33,6.4717894858627565,2024-09-18
pin_263,#boho,2552,307,3.71173785145659,2024-09-19
pin_264,#midcenturymodern,2816,33,1.1320977365683351,2024-09-20
pin_265,#boho,3963,105,4.986720765903495,2024-09-21
pin_266,#midcenturymodern,2160,258,2.2923230077805226,2024-09-22
pin_267,#luxuryhomes,666,98,4.914693739266706,2024-09-23
pin_268,#wallart,1073,50,1.9828180678074108,2024-09-24
pin_269,#modern,910,476,1.9434439838754591,2024-09-25
pin_270,#modern,3614,238,8.857346576198118,2024-09-26
pin_271,#luxuryhomes,1543,339,8.413822486059864,2024-09-27
pin_272,#modern,3085,45,1.7522042961212616,2024-09-28
pin_273,#minimalist,1292,441,7.30438911754615,2024-09-29
pin_274,#homedecor,2312,348,9.954658597163021,2024-09-30
pin_275,#homedecor,1599,254,1.7588713287015834,2024-10-01
pin_276,#colortrends,647,132,8.005269011834216,2024-10-02
pin_277,#boho,1986,377,5.211834703107407,2024-10-03
pin_278,#scandinavianstyle,1443,382,3.2384833937037674,2024-10-04
pin_279,#midcenturymodern,3542,227,3.541028992046231,2024-10-05
pin_280,#luxuryhomes,56,5,1.6774715571488947,2024-10-06
pin_281,#minimalist,2809,491,2.488699309155382,2024-10-07
pin_282,#midcenturymodern,4130,488,6.895665401129389,2024-10-08
pin_283,#luxuryhomes,3427,46,6.229569481509514,2024-10-09
pin_284,#midcenturymodern,1727,309,3.7572636849249728,2024-10-10
pin_285,#homedecor,250,272,8.501981441922716,2024-10-11
pin_286,#homedecor,4208,285,9.193378114493136,2024-10-12
pin_287,#wallart,1661,364,8.831374714006952,2024-10-13
pin_288,#boho,1196,494,1.9506363617960107,2024-10-14
pin_289,#scandinavianstyle,1333,131,5.613783338170552,2024-10-15
pin_290,#minimalist,798,248,8.081896863636313,2024-10-16
pin_291,#scandinavianstyle,3847,56,4.771399267518962,2024-10-17
pin_292,#homedecor,1170,436,1.1162030155967582,2024-10-18
pin_293,#homedecor,97,367,7.658597637563168,2024-10-19
pin_294,#homedecor,3945,171,5.723178452570837,2024-10-20
pin_295,#boho,3159,233,4.8365657739771155,2024-10-21
pin_296,#wallart,1982,37,1.218564208375675,2024-10-22
pin_297,#scandinavianstyle,2141,168,1.1231757757403775,2024-10-23
pin_298,#homedecor,4809,404,5.751400666914148,2024-10-24
pin_299,#colortrends,4800,412,6.189570478659799,2024-10-25
pin_300,#boho,3206,331,5.442610281995982,2024-10-26
pin_301,#homedecor,1766,165,9.568970679452766,2024-10-27
pin_302,#homedecor,1939,28,4.047826828360147,2024-10-28
pin_303,#modern,3768,378,9.07716679963194,2024-10-29
pin_304,#boho,4755,308,7.372499233355396,2024-10-30
pin_305,#luxuryhomes,4535,165,3.2061194960391424,2024-10-31
pin_306,#colortrends,1836,19,3.9300858875661144,2024-11-01
pin_307,#scandinavianstyle,1749,127,3.5450467839229987,2024-11-02
pin_308,#colortrends,4013,123,3.335689318506847,2024-11-03
pin_309,#colortrends,2034,101,6.839405534964789,2024-11-04
pin_310,#minimalist,4857,94,8.989610345543475,2024-11-05
pin_311,#homedecor,2776,439,1.4229097635721155,2024-11-06
pin_312,#midcenturymodern,3857,200,4.238895323745354,2024-11-07
pin_313,#colortrends,335,492,6.384346865559542,2024-11-08
pin_314,#modern,2225,336,6.280332215806128,2024-11-09
pin_315,#colortrends,3644,113,8.169987233205307,2024-11-10
pin_316,#colortrends,124,72,5.160724522608853,2024-11-11
pin_317,#modern,1584,10,3.4624045187476358,2024-11-12
pin_318,#colortrends,1491,95,1.8767357469734103,2024-11-13
pin_319,#homedecor,4171,458,5.673313199465185,2024-11-14
pin_320,#modern,4756,391,9.428919288273532,2024-11-15
pin_321,#furnituredesign,4543,258,9.62767829890823,2024-11-16
pin_322,#homedecor,2447,303,3.702956311879364,2024-11-17
pin_323,#midcenturymodern,1809,402,3.471139737630123,2024-11-18
pin_324,#luxuryhomes,1290,249,7.006395056967344,2024-11-19
pin_325,#minimalist,2213,182,6.521318018074975,2024-11-20
pin_326,#boho,936,489,2.3238007926194766,2024-11-21
pin_327,#colortrends,2147,391,9.547235293696895,2024-11-22
pin_328,#homedecor,180,247,6.981693059214342,2024-11-23
pin_329,#boho,4085,294,1.434337600806446,2024-11-24
pin_330,#luxuryhomes,2541,236,1.5585780651605625,2024-11-25
pin_331,#modern,2490,39,6.936885284291097,2024-11-26
pin_332,#scandinavianstyle,3722,274,7.198452220873794,2024-11-27
pin_333,#scandinavianstyle,103,141,7.931413105939332,2024-11-28
pin_334,#colortrends,1709,15,3.7752374635354293,2024-11-29
pin_335,#modern,4114,333,7.34352957916005,2024-11-30
pin_336,#homedecor,2979,229,9.492798261616922,2024-12-01
pin_337,#colortrends,2174,437,4.5451611452288505,2024-12-02
pin_338,#furnituredesign,2499,409,3.319923199891628,2024-12-03
pin_339,#wallart,3553,25,5.263901117885961,2024-12-04
pin_340,#modern,870,5,8.746285765251299,2024-12-05
pin_341,#wallart,3865,344,9.826977314894885,2024-12-06
pin_342,#scandinavianstyle,3337,390,7.246097198110765,2024-12-07
pin_343,#colortrends,3328,61,8.912170790412164,2024-12-08
pin_344,#modern,3069,170,7.255659105511295,2024-12-09
pin_345,#minimalist,4351,337,1.0819091901352937,2024-12-10
pin_346,#minimalist,228,308,5.428074465329658,2024-12-11
pin_347,#luxuryhomes,3166,230,9.143480939852715,2024-12-12
pin_348,#midcenturymodern,2135,213,1.7553479161478047,2024-12-13
pin_349,#furnituredesign,2277,21,2.2298339631102353,2024-12-14
pin_350,#minimalist,2049,304,7.522876187602028,2024-12-15
pin_351,#minimalist,3748,198,9.086908098627525,2024-12-16
pin_352,#wallart,1636,47,8.507713107458706,2024-12-17
pin_353,#furnituredesign,1982,162,4.149220056497868,2024-12-18
pin_354,#homedecor,2605,167,2.928463192206718,2024-12-19
pin_355,#modern,2997,11,7.4918767466588205,2024-12-20
pin_356,#homedecor,3608,78,1.1093807237648483,2024-12-21
pin_357,#midcenturymodern,1392,125,5.8133456980131255,2024-12-22
pin_358,#luxuryhomes,633,500,2.6807076555173195,2024-12-23
pin_359,#boho,695,168,8.970842843997161,2024-12-24
pin_360,#homedecor,4646,140,5.354285358960673,2024-12-25
pin_361,#wallart,755,421,8.26625332533046,2024-12-26
pin_362,#colortrends,403,175,8.868605050500447,2024-12-27
pin_363,#wallart,3512,367,7.920776372495214,2024-12-28
pin_364,#modern,515,454,7.041091387384395,2024-12-29
pin_365,#minimalist,1717,276,9.458593320211154,2024-12-30
pin_366,#wallart,1214,464,4.25224795387957,2024-12-31
pin_367,#colortrends,3868,259,6.250337525347641,2025-01-01
pin_368,#luxuryhomes,434,94,9.107020642457439,2025-01-02
pin_369,#modern,3688,360,2.6498098086911,2025-01-03
pin_370,#luxuryhomes,666,401,8.307114267384808,2025-01-04
pin_371,#minimalist,3728,167,6.172816904198399,2025-01-05
pin_372,#minimalist,698,180,2.349105224586373,2025-01-06
pin_373,#scandinavianstyle,2511,183,7.870910155280314,2025-01-07
pin_374,#modern,1697,148,4.7201280417732985,2025-01-08
pin_375,#minimalist,3735,174,1.688899157144987,2025-01-09
pin_376,#boho,4378,97,3.5293301714428194,2025-01-10
pin_377,#midcenturymodern,4832,406,2.8709087260026127,2025-01-11
pin_378,#scandinavianstyle,4593,419,9.855345622112806,2025-01-12
pin_379,#midcenturymodern,1303,173,2.5044234599248414,2025-01-13
pin_380,#wallart,1193,121,1.2614240911088777,2025-01-14
pin_381,#furnituredesign,3346,136,5.894429959200469,2025-01-15
pin_382,#modern,3500,455,3.786462865920834,2025-01-16
pin_383,#minimalist,3935,241,1.9302604475424952,2025-01-17
pin_384,#furnituredesign,640,62,4.036376312990588,2025-01-18
pin_385,#furnituredesign,2477,62,5.9865452228590375,2025-01-19
pin_386,#boho,3715,150,1.151854652142217,2025-01-20
pin_387,#midcenturymodern,3636,333,8.503393174399005,2025-01-21
pin_388,#homedecor,274,266,3.509607215959413,2025-01-22
pin_389,#midcenturymodern,2648,218,5.816052733574572,2025-01-23
pin_390,#colortrends,4036,233,1.252110315725378,2025-01-24
pin_391,#wallart,2703,393,9.30722000106928,2025-01-25
pin_392,#luxuryhomes,4513,125,5.738705834304232,2025-01-26
pin_393,#boho,2973,260,5.194017777732454,2025-01-27
pin_394,#midcenturymodern,2664,232,7.6907867347051475,2025-01-28
pin_395,#furnituredesign,4369,29,1.6049731251057695,2025-01-29
pin_396,#luxuryhomes,2822,355,1.5125961519230318,2025-01-30
pin_397,#minimalist,871,488,8.442486264530125,2025-01-31
pin_398,#scandinavianstyle,4343,29,1.5978256763230132,2025-02-01
pin_399,#modern,2463,57,5.083996691815852,2025-02-02
pin_400,#minimalist,4919,238,8.184546791545653,2025-02-03
pin_401,#furnituredesign,266,57,8.837386199035247,2025-02-04
pin_402,#wallart,2042,335,6.648331378365215,2025-02-05
pin_403,#midcenturymodern,2640,291,2.36917373442649,2025-02-06
pin_404,#furnituredesign,4596,54,1.1765108324173332,2025-02-07
pin_405,#furnituredesign,1571,249,3.8049494785863684,2025-02-08
pin_406,#modern,1293,64,2.145918830325118,2025-02-09
pin_407,#homedecor,3071,291,2.2572912156394214,2025-02-10
pin_408,#luxuryhomes,4798,328,9.324316567094794,2025-02-11
pin_409,#luxuryhomes,844,24,2.9100249573791084,2025-02-12
pin_410,#scandinavianstyle,4694,399,8.644984001962037,2025-02-13
pin_411,#modern,76,469,8.54696569844768,2025-02-14
pin_412,#boho,708,281,2.301110871188237,2025-02-15
pin_413,#modern,1195,421,6.0486710787998845,2025-02-16
pin_414,#homedecor,2234,386,9.765528633859759,2025-02-17
pin_415,#wallart,327,18,5.242277135167823,2025-02-18
pin_416,#scandinavianstyle,311,371,2.612432112637142,2025-02-19
pin_417,#minimalist,374,191,4.253502362560923,2025-02-20
pin_418,#midcenturymodern,1850,163,4.860343076094377,2025-02-21
pin_419,#minimalist,3163,498,2.053909585455317,2025-02-22
pin_420,#boho,1694,57,5.1322564551878065,2025-02-23
pin_421,#modern,4105,270,4.277715938373425,2025-02-24
pin_422,#wallart,1702,45,3.550097576763863,2025-02-25
pin_423,#scandinavianstyle,3483,150,4.196228210778806,2025-02-26
pin_424,#colortrends,81,148,4.890217362189271,2025-02-27
pin_425,#boho,868,265,3.0785202890807133,2025-02-28
pin_426,#wallart,1279,85,9.648486816161602,2025-03-01
pin_427,#furnituredesign,938,425,5.993437403222637,2025-03-02
pin_428,#minimalist,4615,323,7.803028958464422,2025-03-03
pin_429,#modern,4798,315,3.2881902711771622,2025-03-04
pin_430,#scandinavianstyle,496,444,6.031814004729149,2025-03-05
pin_431,#midcenturymodern,4077,203,9.171181105594762,2025-03-06
pin_432,#modern,2792,61,4.632287543889809,2025-03-07
pin_433,#furnituredesign,3800,490,4.154437608734992,2025-03-08
pin_434,#luxuryhomes,4260,306,4.719700055347138,2025-03-09
pin_435,#midcenturymodern,3294,205,3.2418300619104174,2025-03-10
pin_436,#scandinavianstyle,3862,410,1.3392070347999896,2025-03-11
pin_437,#boho,462,274,8.356309803963818,2025-03-12
pin_438,#minimalist,4595,140,8.81444163094988,2025-03-13
pin_439,#minimalist,892,476,5.8785934559881685,2025-03-14
pin_440,#scandinavianstyle,328,446,1.5791023829966768,2025-03-15
pin_441,#minimalist,775,94,4.421686919721892,2025-03-16
pin_442,#boho,4747,410,8.92748425098315,2025-03-17
pin_443,#scandinavianstyle,4481,269,8.203296687995955,2025-03-18
pin_444,#wallart,967,408,3.126021243772718,2025-03-19
pin_445,#colortrends,1566,402,5.893813065252814,2025-03-20
pin_446,#modern,2606,365,7.925103400523173,2025-03-21
pin_447,#furnituredesign,4012,141,7.010624457177284,2025-03-22
pin_448,#boho,3339,246,1.969859349338749,2025-03-23
pin_449,#wallart,920,197,3.6525342530848652,2025-03-24
pin_450,#minimalist,3686,18,2.0058027722707785,2025-03-25
pin_451,#midcenturymodern,4040,144,9.361654304974024,2025-03-26
pin_452,#luxuryhomes,4620,361,3.5644619173993872,2025-03-27
pin_453,#boho,4165,160,8.496831448023322,2025-03-28
pin_454,#minimalist,668,180,4.863162096176708,2025-03-29
pin_455,#midcenturymodern,915,136,5.198773679351972,2025-03-30
pin_456,#scandinavianstyle,3100,360,9.356623757917642,2025-03-31
pin_457,#boho,4349,359,4.674988419201241,2025-04-01
pin_458,#colortrends,2110,444,4.843735720301227,2025-04-02
pin_459,#minimalist,2240,245,8.38849796267593,2025-04-03
pin_460,#homedecor,1279,419,6.144800488336031,2025-04-04
pin_461,#colortrends,355,456,7.55908223559944,2025-04-05
pin_462,#midcenturymodern,1620,397,6.625520367136106,2025-04-06
pin_463,#luxuryhomes,2380,410,8.721672960087325,2025-04-07
pin_464,#scandinavianstyle,1210,397,1.2469403216971329,2025-04-08
pin_465,#luxuryhomes,2474,73,8.653715257433838,2025-04-09
pin_466,#homedecor,4319,383,2.6667223568975986,2025-04-10
pin_467,#luxuryhomes,3283,305,7.902054738514318,2025-04-11
pin_468,#minimalist,4342,415,9.790012552742699,2025-04-12
pin_469,#scandinavianstyle,1331,53,2.587832022759863,2025-04-13
pin_470,#minimalist,1019,431,1.394659478409119,2025-04-14
pin_471,#homedecor,2266,447,2.1587849783311897,2025-04-15
pin_472,#boho,478,215,4.83253013919454,2025-04-16
pin_473,#homedecor,4769,78,2.512223785147729,2025-04-17
pin_474,#wallart,4002,104,3.6586765174365876,2025-04-18
pin_475,#wallart,731,24,3.5753075606278775,2025-04-19
pin_476,#luxuryhomes,1615,144,4.41685884107408,2025-04-20
pin_477,#furnituredesign,737,112,8.057078052332383,2025-04-21
pin_478,#minimalist,1544,22,5.333796684724063,2025-04-22
pin_479,#midcenturymodern,244,440,4.775249527296848,2025-04-23
pin_480,#homedecor,203,38,2.4113052054536794,2025-04-24
pin_481,#midcenturymodern,68,180,8.344781639494862,2025-04-25
pin_482,#boho,4192,75,5.383984403077852,2025-04-26
pin_483,#colortrends,1385,157,7.62993861221005,2025-04-27
pin_484,#modern,3836,235,1.3113777120053687,2025-04-28
pin_485,#wallart,4817,71,5.32554626274776,2025-04-29
pin_486,#modern,4057,131,5.699908112900336,2025-04-30
pin_487,#colortrends,3829,221,5.044063565914487,2025-05-01
pin_488,#luxuryhomes,2256,150,1.3972404553756357,2025-05-02
pin_489,#minimalist,1259,77,5.3503378503578345,2025-05-03
pin_490,#colortrends,3325,25,4.281892206500059,2025-05-04
pin_491,#midcenturymodern,184,130,3.817065280746535,2025-05-05
pin_492,#colortrends,4825,134,5.280810830239585,2025-05-06
pin_493,#luxuryhomes,4738,164,1.7866690619249521,2025-05-07
pin_494,#midcenturymodern,3311,345,6.091520717019172,2025-05-08
pin_495,#luxuryhomes,2766,104,5.287694098113267,2025-05-09
pin_496,#furnituredesign,3561,465,4.890979103368098,2025-05-10
pin_497,#boho,839,113,9.073760696928453,2025-05-11
pin_498,#luxuryhomes,4162,20,5.665891644225242,2025-05-12
pin_499,#scandinavianstyle,4933,62,9.284319812726869,2025-05-13
pin_500,#scandinavianstyle,4039,197,1.2588446535051063,2025-05-14
